Workbook

Sheet 00_Instrucciones
A2: Cuaderno de Recogida de Datos (CRD) - Tesis Doctoral
A3: Proyecto: Fibrosis Hepática por Elastografía en ERC e IC
A5: Instrucciones de Uso:
A6: 1. Este archivo está dividido en pestañas lógicas correspondientes a los distintos bloques de variables del protocolo.
A7: 2. Las celdas marcadas en AMARILLO pálido contienen fórmulas automatizadas (ej. IMC, FIB-4). NO escribir en ellas.
A8: 3. Utiliza los menús desplegables para las variables categóricas (Sí/No, etiologías, categorías de fibrosis) para evitar errores tipográficos.
A9: 4. El 'ID Paciente' debe ser el mismo en todas las pestañas para mantener la relación de la base de datos.
A10: 5. Mantener actualizado el registro del estado volémico el día de la elastografía (Pestaña 04).

Sheet 01_Datos_Clinicos
A1: ID Paciente | B1: Fecha Inclusión | C1: Edad | D1: Sexo | E1: Peso (kg) | F1: Talla (cm) | G1: IMC (calc) | H1: Etiología ERC | I1: Etiología IC | J1: Comorbilidad: DM2 | K1: Comorbilidad: HTA | L1: Comorbilidad: FA | M1: Comorbilidad: EPOC | N1: Sd. Metabólico
A2: 1121 | B2: 12/07/2026 | C2: 54 | D2: H | E2: 78 | F2: 165 | H2: DM2 | I2: MCD | J2: Sí | K2: Sí | L2: No | M2: No | N2: No
A3: 11214 | B3: 12/07/2026 | C3: 54 | D3: H | E3: 78 | F3: 165 | H3: DM2 | I3: MCD | J3: No | K3: Sí | L3: No | M3: No | N3: No
A4: 333 | B4: 180/07/2026 | C4: 55 | D4: H | E4: 78 | F4: 165 | H4: DM2 | I4: Isquémica | J4: No | K4: Sí | L4: Sí | M4: Sí | N4: No
A5: 333 | B5: 180/07/2026 | C5: 55 | D5: H | E5: 78 | F5: 165 | H5: DM2 | I5: Isquémica | J5: No | K5: Sí | L5: Sí | M5: Sí | N5: No
G6: =IF(AND(E6<>"",F6<>""), ROUND(E6/((F6/100)^2), 2), "")
G7: =IF(AND(E7<>"",F7<>""), ROUND(E7/((F7/100)^2), 2), "")
G8: =IF(AND(E8<>"",F8<>""), ROUND(E8/((F8/100)^2), 2), "")
G9: =IF(AND(E9<>"",F9<>""), ROUND(E9/((F9/100)^2), 2), "")
G10: =IF(AND(E10<>"",F10<>""), ROUND(E10/((F10/100)^2), 2), "")
G11: =IF(AND(E11<>"",F11<>""), ROUND(E11/((F11/100)^2), 2), "")
G12: =IF(AND(E12<>"",F12<>""), ROUND(E12/((F12/100)^2), 2), "")
G13: =IF(AND(E13<>"",F13<>""), ROUND(E13/((F13/100)^2), 2), "")
G14: =IF(AND(E14<>"",F14<>""), ROUND(E14/((F14/100)^2), 2), "")
G15: =IF(AND(E15<>"",F15<>""), ROUND(E15/((F15/100)^2), 2), "")
G16: =IF(AND(E16<>"",F16<>""), ROUND(E16/((F16/100)^2), 2), "")
G17: =IF(AND(E17<>"",F17<>""), ROUND(E17/((F17/100)^2), 2), "")
... G101: =IF(AND(E101<>"",F101<>""), ROUND(E101/((F101/100)^2), 2), "")
A102: 11221 | B102: 23/07/2026 | C102: 65 | D102: M | E102: 72 | F102: 135 | H102: Glomerulonefritis | I102: Hipertensiva | J102: Sí | K102: Sí | L102: No | M102: No | N102: No
A103: 1121 | B103: 12/07/2026 | C103: 54 | D103: H | E103: 78 | F103: 165 | H103: DM2 | I103: MCD | J103: Sí | K103: Sí | L103: No | M103: No | N103: No

Sheet 02_Analitica_Biomarcadores
A1: ID Paciente | B1: Creatinina | C1: Cistatina C | D1: FGe CKD-EPI | E1: Urea | F1: Ácido Úrico | G1: Prot/Creat | H1: AST | I1: ALT | J1: Plaquetas (x10^9/L) | K1: FIB-4 (calc) | L1: Bilirrubina Total | M1: Bilirrubina Directa | N1: Albúmina | O1: HbA1c | P1: Colesterol Total | Q1: NT-proBNP (pg/mL) | R1: CA125 (U/mL) | S1: Galectina-3 (ng/mL) | T1: sST2 (ng/mL) | U1: GDF-15 (pg/mL)
A2: 1121
A3: 11214
A4: 333 | B4: 1121 | H4: 11 | Q4: 1212
A5: 333 | B5: 1121 | H5: 11 | Q5: 1212
K6: =IF(AND('01_Datos_Clinicos'!C6<>"",H6<>"",J6<>"",I6<>""), ROUND(('01_Datos_Clinicos'!C6*H6)/(J6*SQRT(I6)), 2), "")
K7: =IF(AND('01_Datos_Clinicos'!C7<>"",H7<>"",J7<>"",I7<>""), ROUND(('01_Datos_Clinicos'!C7*H7)/(J7*SQRT(I7)), 2), "")
K8: =IF(AND('01_Datos_Clinicos'!C8<>"",H8<>"",J8<>"",I8<>""), ROUND(('01_Datos_Clinicos'!C8*H8)/(J8*SQRT(I8)), 2), "")
K9: =IF(AND('01_Datos_Clinicos'!C9<>"",H9<>"",J9<>"",I9<>""), ROUND(('01_Datos_Clinicos'!C9*H9)/(J9*SQRT(I9)), 2), "")
K10: =IF(AND('01_Datos_Clinicos'!C10<>"",H10<>"",J10<>"",I10<>""), ROUND(('01_Datos_Clinicos'!C10*H10)/(J10*SQRT(I10)), 2), "")
K11: =IF(AND('01_Datos_Clinicos'!C11<>"",H11<>"",J11<>"",I11<>""), ROUND(('01_Datos_Clinicos'!C11*H11)/(J11*SQRT(I11)), 2), "")
K12: =IF(AND('01_Datos_Clinicos'!C12<>"",H12<>"",J12<>"",I12<>""), ROUND(('01_Datos_Clinicos'!C12*H12)/(J12*SQRT(I12)), 2), "")
K13: =IF(AND('01_Datos_Clinicos'!C13<>"",H13<>"",J13<>"",I13<>""), ROUND(('01_Datos_Clinicos'!C13*H13)/(J13*SQRT(I13)), 2), "")
K14: =IF(AND('01_Datos_Clinicos'!C14<>"",H14<>"",J14<>"",I14<>""), ROUND(('01_Datos_Clinicos'!C14*H14)/(J14*SQRT(I14)), 2), "")
K15: =IF(AND('01_Datos_Clinicos'!C15<>"",H15<>"",J15<>"",I15<>""), ROUND(('01_Datos_Clinicos'!C15*H15)/(J15*SQRT(I15)), 2), "")
K16: =IF(AND('01_Datos_Clinicos'!C16<>"",H16<>"",J16<>"",I16<>""), ROUND(('01_Datos_Clinicos'!C16*H16)/(J16*SQRT(I16)), 2), "")
K17: =IF(AND('01_Datos_Clinicos'!C17<>"",H17<>"",J17<>"",I17<>""), ROUND(('01_Datos_Clinicos'!C17*H17)/(J17*SQRT(I17)), 2), "")
... K101: =IF(AND('01_Datos_Clinicos'!C101<>"",H101<>"",J101<>"",I101<>""), ROUND(('01_Datos_Clinicos'!C101*H101)/(J101*SQRT(I101)), 2), "")
A102: 11221
A103: 1121

Sheet 03_Eco_Elastografia
A1: ID Paciente | B1: FEVI (%) | C1: GLS | D1: Masa VI | E1: TAPSE | F1: VAI | G1: VCI (cm) | H1: LSM (kPa) | I1: Categoría Fibrosis | J1: CAP (dB/m) | K1: Mediciones Válidas | L1: IQR/Mediana ≤0.30 | M1: Días desde última descompensación | N1: NT-proBNP día prueba | O1: Edemas (día prueba)
A2: 1121 | I2: F0-F1 (<7) | L2: Sí | O2: No
A3: 11214 | I3: F0-F1 (<7) | L3: Sí | O3: No
A4: 333 | B4: 36 | I4: F0-F1 (<7) | L4: Sí | O4: No
A5: 333 | B5: 36 | I5: F0-F1 (<7) | L5: Sí | O5: No
A102: 11221 | I102: F0-F1 (<7) | L102: Sí | O102: No
A103: 1121 | I103: F0-F1 (<7) | L103: Sí | O103: No

Sheet 04_Tratamiento
A1: ID Paciente | B1: IECAs/ARAs | C1: Betabloqueantes | D1: SGLT2i | E1: Sacubitrilo-Valsartán | F1: Diurético (Tipo) | G1: Diurético (Dosis mg) | H1: Estatinas | I1: Eritropoyetina
A2: 1121 | B2: No | C2: No | D2: No | E2: No | F2: Ninguno | H2: No | I2: No
A3: 11214 | B3: No | C3: No | D3: No | E3: No | F3: Ninguno | H3: No | I3: No
A4: 333 | B4: No | C4: No | D4: No | E4: No | F4: Ninguno | H4: No | I4: No
A5: 333 | B5: Sí | C5: Sí | D5: Sí | E5: No | F5: Ninguno | H5: No | I5: No
A102: 11221 | B102: No | C102: No | D102: No | E102: No | F102: Ninguno | H102: No | I102: No
A103: 1121 | B103: No | C103: No | D103: No | E103: No | F103: Ninguno | H103: No | I103: No

Sheet 05_Seguimiento_24m
A1: ID Paciente | B1: Meses Seguimiento | C1: Muerte Cardiovascular | D1: Hosp. IC descompensada | E1: IAM no fatal | F1: ACV no fatal | G1: MACE+ (Compuesto) | H1: Muerte Total | I1: Inicio TRS (Diálisis/Tx) | J1: Caída FGe ≥25% | K1: Sd. Cardiorrenal Agudo
G2: =IF(OR(C2="Sí", D2="Sí", E2="Sí", F2="Sí"), "Sí", "No")
G3: =IF(OR(C3="Sí", D3="Sí", E3="Sí", F3="Sí"), "Sí", "No")
G4: =IF(OR(C4="Sí", D4="Sí", E4="Sí", F4="Sí"), "Sí", "No")
G5: =IF(OR(C5="Sí", D5="Sí", E5="Sí", F5="Sí"), "Sí", "No")
G6: =IF(OR(C6="Sí", D6="Sí", E6="Sí", F6="Sí"), "Sí", "No")
G7: =IF(OR(C7="Sí", D7="Sí", E7="Sí", F7="Sí"), "Sí", "No")
G8: =IF(OR(C8="Sí", D8="Sí", E8="Sí", F8="Sí"), "Sí", "No")
G9: =IF(OR(C9="Sí", D9="Sí", E9="Sí", F9="Sí"), "Sí", "No")
G10: =IF(OR(C10="Sí", D10="Sí", E10="Sí", F10="Sí"), "Sí", "No")
G11: =IF(OR(C11="Sí", D11="Sí", E11="Sí", F11="Sí"), "Sí", "No")
G12: =IF(OR(C12="Sí", D12="Sí", E12="Sí", F12="Sí"), "Sí", "No")
G13: =IF(OR(C13="Sí", D13="Sí", E13="Sí", F13="Sí"), "Sí", "No")
... G101: =IF(OR(C101="Sí", D101="Sí", E101="Sí", F101="Sí"), "Sí", "No")
